,cpu_hash,cpu_md5,cpu_simple,machine,mem_l1,mem_l2,mem_l3,mem_ll,mmn_s1,mmn_s2,mmn_s3,mmn_s4,mms_s1,mms_s2,mms_s3,mms_s4,mvs_s1,mvs_s2,mvs_s3,mvs_s4
0,1.433002817,1.864739044,0.887512144,luna,0.092757067,0.127320738,0.180496086,0.247814372,0.485310772,0.373064963,0.495228488,1.021880518,2.692941754,3.205870894,2.506952407,2.436541913,0.59832408,0.448702029,0.362418184,0.712608945
1,1.433389704,1.855741313,0.887586638,luna,0.092277189,0.118112714,0.178616834,0.231809978,0.484276952,0.371239305,0.50196016,1.01906718,2.680231835,3.192293178,2.497427985,2.427111199,0.79287302,0.448123251,0.362472341,0.712416847
2,1.435728791,1.857573133,0.888690376,luna,0.093667498,0.119124041,0.179837465,0.228731653,0.485352367,0.371996466,0.494376041,1.018643704,2.708905694,3.188597146,2.524786877,2.433623861,0.582903652,0.441994652,0.370209201,0.713487296
3,1.434670261,1.86444146,0.888365363,luna,0.092031176,0.120454591,0.179154077,0.236817477,0.484901128,0.372532202,0.498827668,1.023347529,2.684499257,3.192856763,2.517515481,2.434247481,0.587217015,0.445772826,0.403649171,0.712491349
4,1.415285594,1.721068589,0.755871617,tarkil,0.137632111,0.167543524,0.248823185,0.267624101,0.448878598,0.383793434,0.506108209,1.250655483,2.461814472,3.249692437,2.515698036,2.460543188,0.585986294,0.439872902,0.366814675,0.715185697
5,1.591930229,1.987483021,0.847572268,tarkil,0.127859276,0.169851234,0.250690622,0.26238769,0.514982769,0.404527062,0.510111678,1.317883683,2.646777272,3.016290283,2.45352201,2.363174596,0.599976598,0.416607619,0.344168822,0.670923499
6,1.558504109,1.910957139,0.830862826,tarkil,0.126623727,0.147289549,0.220232612,0.256943953,0.494581782,0.394693376,0.49886851,1.286835197,2.646166298,3.29654717,2.38716465,2.312761364,0.523265852,0.395161136,0.326832134,0.640935657
7,1.416764029,1.708062373,0.75528324,tarkil,0.140945751,0.168029853,0.251777909,0.25708941,0.447673632,0.358395812,0.457179911,1.217500849,2.416485574,2.98175431,2.442581291,2.211128151,0.521737519,0.393895841,0.326891017,0.642181409
8,1.503386986,1.893803236,0.933919139,tarkil,0.118930713,0.156910451,0.20068041,0.243942719,0.490955628,0.395414761,0.513173816,1.310011939,2.875965344,3.43071042,2.585795331,2.536248521,0.607647128,0.458689816,0.37858115,0.744855992
9,1.524694207,1.837138502,0.837997849,tarkil,0.114690167,0.167707438,0.238288761,0.27380942,0.480601091,0.386161587,0.489357592,1.241097984,2.569811334,3.094260433,2.453938808,2.454814942,0.582001271,0.449742364,0.363369997,0.711573759
10,1.57088365,1.897419517,0.837277657,tarkil,0.155938167,0.164967177,0.248286649,0.269948763,0.49572377,0.383691937,0.487580022,1.217013847,2.777944318,3.340919027,2.605096309,2.457667309,0.540891199,0.393635274,0.332769435,0.642016538
11,1.515404068,1.831665244,0.836555663,tarkil,0.145878679,0.168198707,0.255191686,0.266813281,0.480357525,0.384258,0.486163584,1.255991891,2.564293331,3.183280314,2.416386669,2.365435736,0.565417809,0.42645972,0.35021616,0.685042371
12,1.580718376,1.776857667,0.99953921,ajax,0.076498436,0.092476213,0.189486776,0.224922279,0.516354054,0.395781543,0.763442672,1.031553816,4.584772939,3.453965057,3.491368058,3.341783663,0.611320985,0.526978203,0.515210088,0.706043011
13,1.564289465,1.882613618,0.862377088,tarkil,0.131989333,0.174129632,0.254090553,0.247206872,0.494195878,0.395653279,0.503214496,1.282274793,2.652471591,3.399613047,2.495285304,2.46354779,0.598376625,0.451809256,0.365089433,0.707815154
14,1.629108689,2.001787595,0.866219446,tarkil,0.117748544,0.1598626,0.225245376,0.282434198,0.516337562,0.41594243,0.537678993,1.301802507,2.775143858,3.459528354,2.538951054,2.362627833,0.524700644,0.394664517,0.331639357,0.632476953
15,2.028006644,1.807621418,0.999607385,ajax,0.077057206,0.090853574,0.18844976,0.22480766,0.514757561,0.396296943,0.763322886,1.032509582,4.593338066,3.454104835,3.488721522,3.336140691,0.63887168,0.537795328,0.522958438,0.706622923
16,1.451515128,2.126346146,0.827060791,tarkil,0.145522822,0.17413709,0.255706217,0.26911721,0.499588105,0.398019234,0.510193039,1.316646205,2.646684608,3.299599974,2.535697281,2.521075788,0.612069268,0.438503631,0.361532214,0.712330848
17,1.575844694,1.782088573,0.996409543,ajax,0.080220716,0.096606972,0.188723553,0.224095144,0.513190637,0.395105131,0.761365643,1.029690264,4.566011024,3.452098483,3.569535726,3.329444635,0.615446132,0.528314828,0.516370928,0.703426696
18,1.519200426,1.760418128,0.758303477,tarkil,0.142903404,0.171857526,0.25290482,0.246740793,0.448106223,0.358053027,0.454410498,1.228910691,2.413594945,3.003265245,2.326095578,2.220254409,0.536251445,0.406172492,0.336450673,0.696235664
19,1.575712336,1.779469183,0.996450764,ajax,0.0744157,0.091398207,0.187424492,0.223768005,0.513214444,0.394595112,0.761214273,1.029247978,4.575497337,3.44492717,3.481979877,3.333194602,0.619518399,0.528375571,0.513264991,0.70375985
20,1.421031383,1.789743291,0.753896454,tarkil,0.129589361,0.16701704,0.247063501,0.251456975,0.48928169,0.382296151,0.48353128,1.202841388,2.579485425,3.164373455,2.465683322,2.470142285,0.596034271,0.453732203,0.372476165,0.7324235
21,1.658426088,1.779024695,1.000107286,ajax,0.081220954,0.091991495,0.18852892,0.224618347,0.514729659,0.395714291,0.7645407,1.033824764,4.587471804,3.447435698,3.483231386,3.342487074,0.623585135,0.535564527,0.515050508,0.705504905
22,1.689597898,2.056872468,0.967407068,exmag,0.116303366,0.154165932,0.231002598,0.262344485,0.535051784,0.428915131,0.543795055,1.278378688,2.854563493,3.557277505,2.702777513,2.643941328,0.630105838,0.470293591,0.395215365,0.766038149
23,1.575452293,1.768835027,0.996417179,ajax,0.076087204,0.092816997,0.189517292,0.224108462,0.513079673,0.394889457,0.759646037,1.029601669,4.560621918,3.43838714,3.474607581,3.325039794,0.61747098,0.526948433,0.514413808,0.703536602
24,1.564310518,1.892037214,0.831879361,tarkil,0.127614797,0.148857571,0.22009602,0.24485494,0.490499903,0.379953156,0.488159312,1.248957387,2.619110833,3.246683749,2.53536357,2.514821196,0.600944323,0.451031974,0.374317233,0.730760237
25,1.690546165,2.07479643,0.963717557,exmag,0.129759032,0.169109664,0.24083696,0.261644785,0.535553961,0.429461227,0.548373335,1.254709114,2.854499774,3.568926139,2.696576052,2.647052179,0.657045903,0.47091375,0.386849691,0.767766745
26,1.575619486,1.794152031,0.996715369,ajax,0.080855916,0.095454691,0.187106809,0.224172804,0.513310212,0.394986099,0.760974751,1.029664625,4.594550243,3.450681035,3.499672645,3.33854555,0.653123332,0.528573302,0.562491281,0.703983471
27,1.617227985,1.954804415,0.861799188,tarkil,0.121582189,0.157001322,0.22632299,0.254520142,0.49451472,0.397749794,0.504239115,1.286472979,2.544136657,3.26862454,2.418409399,2.368875128,0.560794477,0.425575692,0.353031521,0.684131795
28,1.688603766,2.056198827,0.899552098,exmag,0.134480118,0.167514987,0.230989402,0.258698222,0.535262521,0.429480158,0.545752355,1.254050065,2.868956906,3.590064317,2.701005907,2.680969227,0.630809612,0.476308504,0.392139968,0.764973337
29,1.575672464,1.779258411,0.99641239,ajax,0.076786975,0.091124351,0.187654939,0.223733799,0.513092715,0.394961005,0.759794044,1.029297407,4.568299789,3.444823964,3.481721927,3.335921526,0.619463498,0.573172145,0.515471786,0.703618165
30,1.691463495,2.074930595,0.898990051,exmag,0.128106242,0.16489549,0.234103166,0.242878429,0.534791195,0.428872146,0.555936494,1.249744958,2.862549466,3.564084858,2.697977092,2.642653235,0.621432146,0.47131775,0.390739076,0.766086975
31,1.435660822,1.873866534,0.88907812,luna,0.093780403,0.121163696,0.178924704,0.251866084,0.485426681,0.373290328,0.500089422,1.029690016,2.683076145,3.187810703,2.509242419,2.424850489,0.585515479,0.443259682,0.364381197,0.71147002
32,1.433769154,1.865845183,0.888132211,luna,0.092309427,0.118304565,0.177858775,0.256734158,0.485382672,0.371925687,0.493743683,1.025072278,2.712940258,3.196279379,2.502294582,2.432395652,0.578339148,0.446523936,0.358235453,0.713095159
33,1.688809688,2.164088762,0.899104667,exmag,0.14443003,0.168102406,0.24683337,0.246837413,0.53654742,0.428802639,0.546943571,1.247817365,2.863118423,3.560361265,2.699291285,2.641596432,0.633144677,0.470465884,0.38685433,0.765540008
34,1.434199287,1.865017708,0.889441198,luna,0.092535356,0.119710257,0.181016131,0.256497996,0.48473299,0.372006744,0.506747218,1.0311133,2.694346538,3.193474145,2.500264315,2.427374191,0.580017904,0.445733696,0.36207791,0.713169228
35,1.687346422,2.054989121,0.89883857,exmag,0.111769849,0.158811409,0.228034741,0.241176483,0.534458004,0.428310211,0.544765541,1.251315242,2.857407317,3.559317227,2.715060881,2.640700937,0.62181064,0.471274528,0.394644545,0.763657291
36,1.432710929,1.85462576,0.88810352,luna,0.092704589,0.118597337,0.179173054,0.256236675,0.484240756,0.371193819,0.49103495,1.018047073,2.694652868,3.242162754,2.496458106,2.428045267,0.578112585,0.443624914,0.365903719,0.711329681
37,1.688100506,2.048262681,0.899203474,exmag,0.142841245,0.165913378,0.239229219,0.241218368,0.534583346,0.429526604,0.546192389,1.248823905,2.853453993,3.548410558,2.698499507,2.636690767,0.656822048,0.47184076,0.386086529,0.763460046
38,1.575938061,1.993088612,1.181214041,hildor,0.099710015,0.130012121,0.193982449,0.23985889,0.537001544,0.41462245,0.523118931,1.075564545,3.03017243,3.401467051,2.727248279,2.644049247,0.639422408,0.482238001,0.388953939,0.746695742
39,1.433588035,1.852687723,0.887492367,luna,0.09392914,0.119432385,0.179244636,0.23825591,0.484264224,0.371162253,0.499680874,1.014938599,2.691848097,3.186254012,2.517709326,2.447981691,0.602269429,0.444957488,0.35942083,0.711671586
40,1.687991748,2.04935705,0.903063939,exmag,0.12241682,0.158024487,0.228067604,0.241821189,0.534519257,0.428342226,0.542527999,1.248876958,2.860084145,3.559040548,2.698331058,2.643272702,0.623522202,0.473010453,0.393709391,0.765902834
41,1.569481134,1.930270451,1.181396693,hildor,0.09597095,0.133507413,0.192616521,0.239389308,0.504691851,0.388560543,0.491705459,1.02308427,3.024497688,3.409682793,2.733670605,2.641209832,0.639155344,0.482082767,0.439910925,0.744189353
42,1.432875309,1.853496242,0.887426699,luna,0.092083192,0.12135266,0.179735485,0.237748292,0.484174637,0.371127967,0.504625861,1.016279846,2.688576174,3.184885604,2.509172169,2.428612598,0.578263605,0.442362583,0.361485896,0.712026527
43,1.581610497,1.997585497,1.180125992,hildor,0.09602289,0.130207641,0.192168011,0.233266685,0.539943919,0.415420737,0.526638535,1.074660981,3.041982018,3.417110815,2.75043168,2.65837467,0.633508345,0.476774141,0.447021792,0.749961031
44,1.432769769,1.87196822,0.887628074,luna,0.09268004,0.117150154,0.180098754,0.242562264,0.484327507,0.37158179,0.492367558,1.017055898,2.682648054,3.186398133,2.497550595,2.45250678,0.58623315,0.449607068,0.366350214,0.71361631
45,1.577952713,2.082660094,1.183632063,hildor,0.098986623,0.136108689,0.19259894,0.233143277,0.539772018,0.415484027,0.522819125,1.07303933,3.047799337,3.418468028,2.736917297,2.657648775,0.649004847,0.481729902,0.385167111,0.751673626
46,1.436405956,1.869571001,0.890501158,luna,0.092042035,0.118295596,0.182744696,0.296338341,0.486400624,0.373873684,0.518411313,1.030102998,2.702100962,3.217631562,2.520643238,2.447476334,0.583043366,0.44708811,0.363145157,0.71495211
47,1.582927059,1.992302967,1.179966442,hildor,0.099508248,0.128043082,0.193560428,0.232457147,0.539761978,0.415402678,0.527745831,1.074760206,3.030721822,3.413612656,2.743717876,2.658556817,0.63853321,0.479135216,0.396040911,0.747633563
48,1.581224889,2.049651997,1.186850871,hildor,0.098102426,0.130132995,0.191568661,0.232389686,0.539750953,0.41524587,0.523813971,1.073491657,3.053223849,3.414735504,2.740851207,2.657436297,0.641493777,0.496776304,0.39279699,0.752968091
49,1.580619491,1.993151741,1.179557339,hildor,0.101173473,0.129104064,0.193161197,0.232491706,0.539650357,0.415394464,0.527310449,1.072272583,3.019524638,3.412649904,2.737941241,2.662007994,0.636545655,0.479070514,0.391518736,0.747324349
50,1.581343272,1.998887744,1.187570548,hildor,0.098826851,0.128731035,0.191999013,0.233073501,0.539450703,0.41535772,0.526262921,1.075707461,3.019116336,3.417548579,2.737731665,2.657758307,0.65507267,0.479450786,0.396096707,0.748501073
51,2.856829824,4.06371272,1.590280822,mudrc,0.070804734,0.116931469,1.620376108,1.470204491,1.088348398,0.885402972,1.102218405,3.0437762,7.990809679,6.182284269,5.594796171,5.275581079,1.135754973,1.15049397,1.147070996,1.260116113
52,2.852752501,4.199124862,1.582769515,mudrc,0.070141396,0.116759506,1.605485176,1.460220247,1.081095908,0.887888697,1.107114252,3.096984096,8.012662594,6.967641611,6.881820281,5.319605428,1.145313325,1.111454219,1.147512211,1.262571747
53,2.849213566,4.247983263,1.580614329,mudrc,0.070696497,0.117121426,1.613994947,1.464284803,1.102625656,0.871170049,1.103320959,2.395258449,7.995002156,6.195032413,5.603462784,5.315001055,1.140279908,1.120695734,1.147229708,1.260958794
54,2.858899255,4.247897569,1.583849691,mudrc,0.069495226,0.113884164,1.639272013,1.464112267,1.098138434,0.868506609,1.104771591,3.325320042,8.011056112,6.189664499,5.612013346,5.286098961,1.128740317,1.125157904,1.171525397,1.262192948
55,2.866440515,4.23311269,1.58810635,mudrc,0.070899331,0.113456983,1.603750334,1.466521161,1.099041112,0.886952132,1.106720068,2.496510497,8.245189723,6.196015898,5.614224348,5.299793868,1.295689864,1.154310055,1.139889205,1.27532922
56,2.850020538,4.222481787,1.580580417,mudrc,0.069092083,0.117105866,1.62187082,1.469677503,1.089392174,0.870645443,1.103753853,2.763327675,7.983176939,6.183119061,5.58305433,5.281966186,1.144758482,1.135575334,1.148747729,1.262169326
57,1.436309771,1.895230053,0.888565933,luna,0.092696649,0.122436359,0.179024541,0.239147608,0.48630913,0.374090748,0.496437225,1.028250869,2.698843276,3.211166995,2.518873957,2.433375179,0.588660889,0.443986337,0.361535073,0.712625939
58,1.437209314,1.870298436,0.889833404,luna,0.092497399,0.120673376,0.186955466,0.254127418,0.484616124,0.373934708,0.495604574,1.029435601,2.707308455,3.189807469,2.498854652,2.435902463,0.595367653,0.445292856,0.362318761,0.712949382
59,1.737389256,1.812626584,0.996593841,ajax,0.080515525,0.091856019,0.187739187,0.224501395,0.513051047,0.394971744,0.761156266,1.030388028,4.56696823,3.447350108,3.481930883,3.333199207,0.629292182,0.535355904,0.516567037,0.703384868
60,1.437288792,1.872937601,0.889675868,luna,0.09055761,0.122987805,0.178434816,0.260416042,0.485940569,0.373709578,0.495528817,1.029319127,2.700795989,3.212159786,2.512365989,2.432437814,0.591008622,0.446202267,0.362208796,0.713068692
61,2.849898765,4.067649623,1.580686091,mudrc,0.065473342,0.116922183,1.638230069,1.464631705,1.102132664,0.884697494,1.106755725,3.368414884,7.978158715,6.195631009,5.600692221,5.290428869,1.13428768,1.166522526,1.149500457,1.255190833
62,1.580832479,1.795901701,1.000131529,ajax,0.079891765,0.091946563,0.187637098,0.225267525,0.515208166,0.396280218,0.765054788,1.033662073,4.59692987,3.460720941,3.491468609,3.36535259,0.622042559,0.597286794,0.525577436,0.717776267
63,1.437100531,1.875722812,0.889824955,luna,0.092689949,0.118583609,0.183832437,0.257512791,0.486267395,0.373856068,0.50120272,1.027684753,2.699167113,3.198869787,2.513091468,2.445418091,0.593719324,0.447860772,0.364557186,0.716468615
64,1.437407822,2.456338105,0.889864744,luna,0.092812232,0.125805188,0.183352501,0.275653806,0.781241963,0.619752463,0.530486316,1.013528116,2.697068194,3.212068031,2.514294338,2.441797165,0.592481474,0.445713301,0.364876314,0.713444052
65,1.599181745,1.79131453,1.002044412,ajax,0.079664243,0.094791969,0.188938508,0.224128971,0.515436215,0.397182734,0.768454177,1.046889282,4.608485782,3.447485186,3.481898628,3.3350089,0.609604745,0.533533062,0.511643278,0.702895711
66,2.851100003,4.068610738,1.581284743,mudrc,0.071130075,0.114882273,1.65506893,1.470923517,1.091022386,0.884828245,1.102592485,2.399985363,7.949124762,6.195076562,5.597395147,5.275743001,1.104109628,1.167362339,1.183451022,1.261425327
67,1.437203143,1.882860317,0.888207972,luna,0.093382061,0.117663278,0.179881676,0.229651297,0.486198463,0.374139296,0.495530855,1.029395393,2.697396696,3.201701416,2.513377628,2.439591734,0.578537538,0.446323259,0.359132468,0.713556838
68,1.582708983,1.870015633,0.999168698,ajax,0.08057893,0.093150784,0.189661953,0.225354387,0.514549215,0.396277683,0.763519542,1.03248098,4.58224513,3.456555634,3.497464783,3.343081884,0.612053719,0.531957051,0.553574664,0.70673378
69,1.437436892,1.874966403,0.889832627,luna,0.092318511,0.122527053,0.181537012,0.266989854,0.48592686,0.373895557,0.495370058,1.024498232,2.698483388,3.201480395,2.529140944,2.45758817,0.583106058,0.445281867,0.365197933,0.713919741
70,1.743403399,1.80266485,0.998957106,ajax,0.073704908,0.091650034,0.189768126,0.225223706,0.514217208,0.397152103,0.764331744,1.032573923,4.577855178,3.45436893,3.49182283,3.343529752,0.63920923,0.530195667,0.517717734,0.705400288
71,1.437471174,1.879498904,0.889638695,luna,0.092360458,0.125054371,0.180198063,0.267705045,0.485966175,0.374294935,0.493849106,1.02173484,2.690749678,3.209663928,2.513291249,2.440374339,0.580906223,0.448214849,0.361217678,0.71460892
72,1.58096438,1.784750152,1.000760985,ajax,0.079883123,0.101389503,0.188180512,0.224935143,0.515098049,0.396498911,0.763738357,1.032858079,4.591334567,3.456161426,3.493551896,3.343631943,0.620864091,0.533683604,0.514423552,0.705613824
73,1.582095503,1.795107334,0.999859282,ajax,0.079984697,0.092334019,0.188183989,0.224211575,0.515984706,0.395859125,0.765540998,1.032667077,4.578130775,3.45676398,3.497209645,3.3439699,0.611551473,0.534207032,0.54641216,0.70692862
74,2.026809121,1.808527564,1.000213844,ajax,0.076583664,0.092325071,0.189126463,0.225440492,0.51546875,0.396117138,0.76322839,1.034190971,4.594686689,3.456891712,3.487328915,3.34401113,0.639493256,0.526641808,0.514800762,0.705404024
75,1.700200283,2.086266129,0.901269443,exmag,0.14477152,0.153443958,0.232149608,0.277359018,0.538009381,0.439409666,0.54799194,1.296390563,2.900266061,3.58555102,2.720211514,2.677414287,0.649314392,0.475010025,0.49979524,1.147843574
76,1.697836113,2.111276042,0.902800528,exmag,0.111144262,0.155902646,0.232616892,0.27160973,0.538633095,0.434471634,0.551524313,1.296232561,2.894576048,3.589179729,2.734328507,2.661813089,0.624540972,0.474780657,0.394808405,0.774378283
77,1.698809768,2.12266331,0.902630801,exmag,0.11520142,0.209484417,0.234777504,0.279303495,0.539528873,0.434434974,0.551555765,1.30605613,2.921936302,3.725422773,2.727819018,2.674006038,0.63017817,0.476380523,0.38976717,0.774306024
78,1.700848492,2.11872334,0.906148022,exmag,0.112559717,0.153637427,0.237188249,0.341530533,0.53835286,0.435396943,0.553020233,1.290555125,3.152487959,3.779298587,2.926580922,2.887425512,0.62996453,0.476889515,0.391890442,0.772909521
79,1.696341001,2.106196835,0.901723942,exmag,0.112594137,0.152428568,0.235635603,0.280833528,0.538261869,0.433201531,0.551178637,1.320302601,2.941818026,3.639699146,2.747905678,2.708276798,0.633438269,0.480448469,0.392029412,0.774984134
80,1.702809869,2.153749217,0.902733637,exmag,0.11203859,0.155319753,0.241550335,0.370988286,0.540465888,0.441212886,0.552140728,1.333836662,2.932914063,3.640705217,2.746344881,2.706061753,0.63165821,0.481484069,0.391764052,0.7773828
81,1.640680598,2.046755574,1.19391369,hildor,0.101032972,0.131707338,0.200020653,0.330536123,0.543970567,0.421879051,0.531768255,1.108616293,3.073730579,3.471892571,2.776694844,2.707221178,0.663370642,0.490779054,0.393219643,0.756712012
82,1.595314247,2.048766302,1.193554496,hildor,0.101768009,0.129393868,0.200882133,0.332557888,0.544090587,0.422637174,0.539632273,1.114317069,3.090686776,3.537114929,2.776837146,2.704365222,0.651841675,0.489567744,0.405688936,0.760668442
83,1.585319312,2.023520157,1.188310772,hildor,0.097937273,0.131896544,0.209852419,0.396417881,0.543630511,0.425097841,0.539249077,1.112731209,3.108192318,3.518223415,2.819537846,2.729674477,0.658364971,0.497855312,0.395243137,0.760445993
84,1.598674585,2.066928794,1.193416334,hildor,0.098914008,0.133744202,0.210241086,0.389924878,0.54154369,0.421077786,0.535827167,1.112860068,3.125889369,3.515987241,2.950623899,2.707422816,0.643366261,0.489353324,0.399969435,0.761909717
85,1.683474535,2.049780463,1.213519982,hildor,0.098521864,0.134565263,0.20971787,0.393747823,0.540643178,0.420256945,0.531120421,1.113773885,3.116140565,3.613237278,2.781207228,2.717791383,0.651318952,0.492297695,0.397549753,0.758739485
86,2.611798338,3.7799219,1.217865016,hildor,0.102412548,0.130026739,0.2008823,0.340593754,0.987106824,0.777064272,1.099987945,2.128569036,5.068634272,5.022111394,4.33128411,4.183797448,1.106091782,0.855268738,0.671851734,1.061376086
87,1.654418596,2.151776962,1.227811591,hildor,0.100947756,0.138875046,0.220971902,0.407450478,0.560609995,0.435640904,0.55211422,1.153070295,3.109252807,3.496722116,2.778406924,2.694568951,0.64740606,0.491435279,0.397723571,0.756343731
88,1.622001479,1.977693438,0.863461705,tarkil,0.153561792,0.17466586,0.251780402,0.259946649,0.513019587,0.411966119,0.522263314,1.321692049,2.767389921,3.44835799,2.599336479,2.428639334,0.561006022,0.43329959,0.349674089,0.688496006
89,1.550328739,1.708948438,0.743176401,tarkil,0.155431812,0.170508237,0.249483603,0.255067572,0.441506782,0.352945692,0.449100448,1.196935608,2.360046994,2.950885243,2.218958983,2.175875877,0.517139612,0.387764654,0.319677413,0.63291402
90,1.520273175,1.877106865,0.809189863,tarkil,0.145841413,0.164851507,0.251240131,0.251991635,0.481246559,0.385622658,0.488584934,1.267991548,2.590176489,3.279941781,2.339681732,2.426891106,0.590829108,0.453744007,0.375647699,0.724315908
91,1.617181916,1.95754731,0.861879657,tarkil,0.1452907,0.177165908,0.248567399,0.243656603,0.512244842,0.409948888,0.520616413,1.264757962,2.794355992,3.40442049,2.576893868,2.541859563,0.60008093,0.4556978,0.377224095,0.742829133
92,1.627378013,2.005673378,0.865223137,tarkil,0.138644594,0.155439275,0.229072923,0.265856882,0.515703727,0.414599735,0.525825808,1.283468391,2.778563934,3.455667088,2.607369193,2.556686978,0.603348178,0.476951999,0.372707714,0.741725548
93,1.627217939,1.999054746,0.8652983,tarkil,0.152170363,0.17409154,0.258331388,0.271103023,0.51406336,0.413276167,0.522171941,1.317607448,2.744861648,3.40753737,2.590065498,2.532608605,0.595846139,0.452930295,0.369851856,0.735014742
94,1.619000778,1.96821481,0.862587996,tarkil,0.134465081,0.151117999,0.226859845,0.249148545,0.512811312,0.410565004,0.530867541,1.266571877,2.771027434,3.462100112,2.608419963,2.565312808,0.603315091,0.456557437,0.373638177,0.748193687
95,1.630374456,2.019034498,0.866425483,tarkil,0.14343999,0.15090966,0.229906353,0.276021299,0.516668669,0.415945131,0.52933898,1.288426126,2.80943471,3.481958586,2.621626715,2.573745995,0.60240194,0.459471777,0.379081017,0.745147777
96,1.616981187,1.777799267,0.861987744,tarkil,0.128887075,0.171386492,0.248692152,0.315237432,0.442300849,0.353468103,0.450069408,1.193868408,2.666668749,3.395985067,2.571489476,2.525512022,0.599233279,0.469274259,0.36946245,0.732536232
97,1.416150021,1.70855234,0.754500772,tarkil,0.169593558,0.14206121,0.211499312,0.229175853,0.447900125,0.358320046,0.459955444,1.230746056,2.405005548,2.979488072,2.254259432,2.205214634,0.523257851,0.396649471,0.321786815,0.639507712
98,1.503047921,1.832413241,0.800687134,tarkil,0.139345995,0.173449889,0.252679678,0.252211482,0.47631826,0.381766397,0.491428828,1.253700584,2.542469923,3.177473862,2.42645801,2.353829749,0.567961935,0.42052188,0.351214525,0.684454193
99,1.50867473,1.828719457,0.762429356,tarkil,0.144291145,0.181378604,0.252857617,0.248732596,0.479768797,0.383478802,0.486206921,1.265658663,2.774207646,3.212192367,2.413180013,2.595433792,0.559123365,0.441274426,0.354822165,0.684635138
100,1.514372977,1.829506237,0.808647407,tarkil,0.126587159,0.169380509,0.245321613,0.314105574,0.479911708,0.383667896,0.491581151,1.253114632,2.563218079,3.181392792,2.430549159,2.364531941,0.567055504,0.404109558,0.351844548,0.688748705
101,1.614165589,1.827174504,0.800404449,tarkil,0.13716533,0.170945292,0.25618677,0.250353374,0.476222609,0.382152825,0.485430384,1.252472925,2.560952485,3.197330861,2.401308978,2.358909131,0.555217855,0.418723512,0.343152478,0.682386455
102,1.415106108,1.812632323,0.755510238,tarkil,0.148788518,0.168999424,0.249968836,0.248615149,0.448264378,0.358304861,0.454463995,1.230663938,2.398359786,2.971824357,2.251599261,2.207324253,0.525836165,0.394552223,0.324142825,0.673116259
103,1.515159502,1.831017245,0.809642097,tarkil,0.141778893,0.167633146,0.249844783,0.24674956,0.480120498,0.383805983,0.489857561,1.253468715,2.606953983,3.216557038,2.464875435,2.409817021,0.559346306,0.425431227,0.35107357,0.685120675
104,1.614326137,1.828455147,1.040603141,ajax,0.076432579,0.094219754,0.192933491,0.229801891,0.535369567,0.412911176,0.795285773,1.076512125,4.800896521,3.587586522,3.487389482,3.340844054,0.610556115,0.531855134,0.512399935,0.704853368
105,1.515539754,1.834173452,0.808073234,tarkil,0.14107089,0.178195942,0.248442651,0.309732936,0.480202374,0.38350056,0.487993501,1.266967294,2.577635578,3.182131004,2.40987412,2.36696694,0.562306145,0.42808948,0.348328176,0.657747692
106,1.515012747,1.843602126,0.807738669,tarkil,0.130317756,0.16764243,0.248550595,0.244407642,0.479633548,0.383969534,0.486585592,1.261198858,2.560880153,3.180716473,2.432873164,2.363479573,0.558902091,0.421880846,0.396815637,0.68476989
107,1.515214393,1.830239392,0.807741352,tarkil,0.152971883,0.171816941,0.251191868,0.318118857,0.47943812,0.383097468,0.486073489,1.276015499,2.551722442,3.181930076,2.413546138,2.361755358,0.558692617,0.422969779,0.350694622,0.662579256
108,1.416281206,1.709698282,0.756167561,tarkil,0.151242026,0.1677567,0.249626116,0.255434745,0.447670667,0.378691583,0.482116781,1.267700935,2.552146146,3.180667088,2.42022304,2.365367732,0.559149212,0.42263538,0.354533711,0.687853577
109,1.503728255,1.795469039,0.800251986,tarkil,0.14362069,0.172999813,0.256173729,0.25834952,0.4433072,0.355365249,0.454806675,1.210846207,2.368779696,2.955634419,2.247315528,2.191214871,0.516477159,0.390404184,0.326207204,0.635634512
110,1.575645713,1.784278946,0.996666288,ajax,0.08326687,0.090670529,0.184043683,0.210721441,0.51420744,0.397610504,0.770502808,1.042147577,4.601273397,3.469703449,3.507032685,3.356271458,0.623426944,0.530570939,0.516974473,0.710663408
111,1.467051294,1.710814382,0.844499628,tarkil,0.143000254,0.175968269,0.253920088,0.261594767,0.448042013,0.366811009,0.456710449,1.274990823,2.653536602,3.189659048,2.422863428,2.375482983,0.566719826,0.442800087,0.352541798,0.689161512
112,1.503005163,1.848033351,0.799499669,tarkil,0.143714382,0.170218393,0.252880086,0.254852763,0.476336549,0.381034955,0.48223803,1.275637867,2.489753044,3.002640306,2.217268705,2.18123136,0.530532186,0.389085012,0.323517038,0.631251405
113,1.595309421,1.798539406,1.006747009,ajax,0.080813796,0.096878136,0.186713039,0.215536643,0.521054085,0.400058392,0.769902866,1.034333704,4.592973845,3.457024209,3.492895304,3.343285916,0.623110496,0.531133216,0.517982103,0.705401397
114,1.827691591,1.807939705,0.998145269,ajax,0.074322924,0.092775529,0.182906859,0.210220723,0.519535112,0.400064586,0.770272606,1.04423261,4.609134176,3.483562572,3.519764152,3.364271124,0.63176938,0.537180453,0.52035698,0.71347344
115,1.688420217,2.064750072,0.899035477,exmag,0.152279066,0.170557599,0.247277329,0.257115358,0.534713117,0.428734821,0.547499645,1.256256204,2.860585064,3.567877801,2.695300298,2.641903392,0.622961592,0.479035795,0.390724447,0.766381877
116,1.546219181,1.853126868,0.838028746,tarkil,0.103843055,0.151199438,0.22521472,0.252421279,0.48178762,0.393172406,0.489338415,1.262884143,2.571024133,3.208881623,2.42573002,2.374709048,0.561219817,0.438718566,0.350549901,0.688458267
117,1.583260938,1.771105981,1.007575733,ajax,0.079989414,0.094944232,0.187991625,0.21584109,0.513448936,0.394625396,0.759535252,1.029753598,4.569782669,3.445617864,3.483020278,3.339649113,0.610463535,0.526005563,0.519351828,0.705053492
118,1.800500085,1.799714702,0.997404178,ajax,0.073907167,0.093681931,0.186173089,0.208995656,0.519997388,0.40090557,0.770751964,1.043586899,4.631639043,3.449643589,3.481909956,3.357218892,0.615998217,0.535581286,0.519822788,0.709549176
119,1.759407577,1.813444252,1.008878225,ajax,0.073684715,0.094801334,0.189030429,0.216534259,0.5205599,0.401276596,0.765477947,1.035028194,4.604927708,3.474154362,3.506684119,3.350839425,0.644314578,0.581572024,0.521801216,0.71053939
120,1.597501373,1.826527486,1.010070939,ajax,0.074100445,0.092847467,0.182656733,0.210442585,0.520180542,0.400375823,0.769874515,1.038302674,4.613701664,3.486204754,3.493285217,3.351743717,0.642010163,0.541939818,0.521852287,0.709661855
121,1.731404059,1.80866251,1.100405975,ajax,0.077939837,0.09358777,0.187764139,0.215259872,0.519360232,0.399907066,0.771201722,1.044481246,4.656227964,3.4901533,3.526091854,3.374003109,0.652952253,0.534839799,0.52175487,0.708451219
122,1.580713536,1.813407284,0.999723421,ajax,0.074349044,0.093624327,0.18572384,0.208741025,0.514876375,0.395322889,0.764529385,1.03202464,4.576275758,3.454692709,3.490905192,3.384418765,0.62563771,0.587533258,0.51797864,0.718732626
123,1.438138063,1.884576797,0.889065288,luna,0.092737565,0.122402889,0.199920055,0.385843444,0.487808356,0.377747017,0.493591354,1.095905975,2.709468126,3.244502667,2.523676867,2.44983749,0.587163637,0.451793685,0.369905799,0.719667649
124,1.441578991,1.884730834,0.888932272,luna,0.092806783,0.125737445,0.196882,0.333371847,0.488884429,0.378198226,0.495276858,1.057841839,2.726531661,3.246317281,2.530550574,2.459566688,0.593100852,0.449389389,0.370042852,0.717129808
125,1.575688643,1.778714945,0.997088655,ajax,0.072879528,0.093779803,0.185280669,0.215901957,0.513187923,0.395282727,0.760006664,1.029086735,4.574101652,3.440781749,3.481954189,3.351107331,0.625378112,0.531762598,0.516300278,0.704784628
126,1.688534413,2.143179542,0.899003038,exmag,0.111357326,0.155670093,0.231282564,0.251320384,0.534937721,0.429168773,0.542292496,1.256832204,2.860334947,3.563924685,2.747324962,2.64577265,0.625948949,0.471015679,0.397308044,0.765574688
127,1.758035624,1.814349843,1.008516942,ajax,0.073946799,0.09299442,0.187385126,0.214863167,0.519808986,0.400482974,0.772256353,1.044448907,4.648395044,3.465402469,3.502993012,3.33833338,0.637103319,0.538907147,0.516327647,0.704093166
128,1.447822161,1.892538793,0.89695574,luna,0.093368772,0.119715162,0.19986941,0.450102439,0.484817496,0.378029434,0.502190127,1.073764606,2.742519252,3.219932458,2.534262579,2.450539701,0.596118893,0.445303613,0.363257496,0.717221403
129,1.438920135,1.887842322,0.89205901,luna,0.093224674,0.125872126,0.196891681,0.451638064,0.4887993,0.378757096,0.497941028,1.058905808,2.720952637,3.232292906,2.576013547,2.4403747,0.646540232,0.46527185,0.387189332,0.718524779
130,1.591153653,1.821038989,1.008125092,ajax,0.074947292,0.093206019,0.187260696,0.213847827,0.52027111,0.399427802,0.766125788,1.036716105,4.617210191,3.469468912,3.481187744,3.333180578,0.621657716,0.53315706,0.517952825,0.703932781
131,1.688566833,2.064144034,0.898760257,exmag,0.111241865,0.152531026,0.231014705,0.250981445,0.534676582,0.428733568,0.553544827,1.257615774,2.870903415,3.561624137,2.69546794,2.646355676,0.651112191,0.470337083,0.386530381,0.76468425
132,1.447716253,1.913444848,0.892538083,luna,0.092955415,0.121189858,0.185665184,0.263508114,0.488623663,0.3786056,0.500583531,1.046588421,2.71992175,3.244857711,2.514853121,2.462633341,0.581072655,0.450715691,0.369153719,0.71896378
133,1.593291168,1.789442771,1.002499717,ajax,0.073633798,0.092238102,0.183374196,0.20897659,0.516782204,0.397320655,0.765325326,1.034322574,4.609666643,3.483725215,3.522300391,3.370652273,0.622049893,0.546663265,0.52398588,0.711618171
134,1.443832598,1.889232187,0.892449476,luna,0.092324003,0.124911447,0.201267923,0.451289402,0.488177635,0.379977187,0.493553216,1.069353063,2.746535487,3.22849191,2.527767666,2.461235468,0.580719418,0.459219342,0.366676248,0.716488991
135,1.439293185,1.891448751,0.892880619,luna,0.09642784,0.121268951,0.198071801,0.455828091,0.488033142,0.378790962,0.5045433,1.073897438,2.741212916,3.230151003,2.535470436,2.447408337,0.583867263,0.449034953,0.365613734,0.718001683
136,1.585917376,2.021281317,0.843037717,exmag,0.128579297,0.179799862,0.253747278,0.316838852,0.502504656,0.405824173,0.513436723,1.235678767,2.704570913,3.364053236,2.550808157,2.49733261,0.611275738,0.443539735,0.363088157,0.721981027
137,1.592239532,1.81990278,1.002318447,ajax,0.083720369,0.093223457,0.187541068,0.212573416,0.513132032,0.395197981,0.759612398,1.029376839,4.55576997,3.444792696,3.48272237,3.344732591,0.629673872,0.535111684,0.514290536,0.704070238
138,1.441946906,1.905166485,0.88965101,luna,0.095978547,0.125853329,0.180832472,0.338445586,0.488767906,0.379398709,0.500759063,1.042770324,2.716443094,3.251510516,2.521177762,2.455557248,0.594482268,0.45536936,0.36491164,0.716185383
139,1.757882884,1.834526165,1.008666193,ajax,0.074749475,0.092213141,0.18850249,0.217590942,0.518931007,0.399176644,0.770730283,1.042660009,4.628411679,3.488815479,3.540387994,3.378090984,0.637712077,0.540578834,0.548918925,0.767527986
140,1.533731139,2.00294374,1.179207204,hildor,0.100117396,0.130275102,0.207513427,0.36815238,0.523933567,0.406176604,0.589526584,1.135115798,3.104168511,3.488559072,2.786796658,2.681443002,0.634526855,0.483147357,0.381245468,0.729600317
141,1.433579814,1.881658979,0.925329137,luna,0.090400311,0.119901018,0.17860579,0.221901613,0.488338326,0.372308267,0.498057993,1.055257148,2.708909803,3.270375815,2.51834739,2.452187084,0.581787294,0.441906488,0.367441007,0.717726623
142,1.587444113,1.950932734,0.843060187,exmag,0.138375334,0.167644788,0.253914569,0.313269049,0.501196404,0.402948815,0.511137681,1.214838167,2.692109261,3.335989345,2.539045691,2.483873861,0.582082619,0.443141403,0.365330378,0.717614714
143,1.438155708,1.886694143,0.888669228,luna,0.093037784,0.121671815,0.180424174,0.237698396,0.485695099,0.372444624,0.49763422,1.047046399,2.721762993,3.219025838,2.514457625,2.448739212,0.57940643,0.449423336,0.367002296,0.713365254
144,1.593149472,2.136781299,1.185888288,hildor,0.104689872,0.133684738,0.223029922,0.4585148,0.546128777,0.433230735,0.545357432,1.380614619,3.16229596,3.511039532,2.777235625,2.716700789,0.656057138,0.498260229,0.403698689,0.760612188
145,1.443354532,1.883888892,0.893724891,luna,0.094920589,0.117915802,0.193010715,0.382118684,0.486770294,0.375195801,0.500611485,1.030708322,2.696874822,3.222005344,2.510535546,2.440866513,0.583892171,0.444189874,0.364914923,0.715280719
146,1.580405797,1.925127165,0.841165952,exmag,0.151476577,0.166235903,0.248429594,0.25998147,0.500792113,0.402216689,0.515359649,1.205311272,2.693087846,3.347117163,2.535192376,2.490171748,0.585579667,0.441383882,0.366328107,0.718853747
147,1.438828196,1.870842422,0.888096614,luna,0.093024652,0.126161333,0.188792297,0.311408891,0.485592301,0.376342411,0.495082565,1.031636777,2.718550975,3.219621327,2.508497494,2.488802307,0.581248078,0.446379762,0.365511973,0.714624526
148,1.57877801,2.040746945,1.167769791,hildor,0.092877524,0.128153216,0.206661046,0.391416448,0.526514575,0.409665198,0.516517775,1.090014312,3.076567409,3.458559024,2.765700976,2.690059262,0.651765097,0.484804443,0.392123531,0.753346132
149,1.590373275,2.025659516,1.185573537,hildor,0.098237676,0.130980739,0.204608562,0.36255768,0.535049676,0.414668954,0.524292401,1.210478261,3.149216323,3.583824696,2.890586303,2.80937336,0.645759522,0.490667314,0.398064909,0.760812744
150,1.440140348,1.882993634,0.891954947,luna,0.092894926,0.122245903,0.195420893,0.439970596,0.48614893,0.376427977,0.495006034,1.02653187,2.72213218,3.226529881,2.503706841,2.443099542,0.58284433,0.475479286,0.366168468,0.717465657
151,1.58333784,1.935824379,0.842573286,exmag,0.132440358,0.169242226,0.244111906,0.252803869,0.501648328,0.403211056,0.51477685,1.217314557,2.722478539,3.347600034,2.548099227,2.480262123,0.583186205,0.440449425,0.367873851,0.716801147
152,1.751976031,2.059846104,0.89911417,exmag,0.129746337,0.165417304,0.248785281,0.255240303,0.537638495,0.428308351,0.541780127,1.251419296,2.858512339,3.572532879,2.693969424,2.645736796,0.637693983,0.470946016,0.385827908,0.766048885
153,1.588733587,2.04293892,1.186500909,hildor,0.097693894,0.131653612,0.20372954,0.357271882,0.542552273,0.422179521,0.535317041,1.210882568,3.087901554,3.529032037,2.771028573,2.700632136,0.65059163,0.490664976,0.394728292,0.750929017
154,1.441482188,1.891873261,0.892380408,luna,0.092413553,0.121867702,0.182871828,0.295173752,0.485880162,0.372311829,0.509773134,1.045972279,2.715425031,3.23261506,2.511506934,2.454012904,0.596686106,0.449070528,0.365810202,0.71854574
155,1.589401075,2.107831406,1.185632905,hildor,0.097227899,0.128213343,0.223002651,0.435164811,0.542975013,0.427062622,0.536877679,1.377998347,3.15856184,3.493730671,2.776932302,2.711664827,0.650154029,0.494709147,0.401379776,0.762111613
156,1.648169618,2.226766513,0.876293997,exmag,0.130733765,0.158198824,0.229932848,0.267346644,0.521361296,0.418521459,0.533325926,1.237958018,2.775071714,3.472535873,2.632636676,2.589096397,0.630591366,0.463631156,0.384759076,0.748747119
157,1.543782931,2.01346285,1.165046222,hildor,0.096361445,0.128446583,0.201920108,0.392542261,0.526735743,0.410667794,0.517463967,1.083649158,3.02337842,3.449409972,2.797372538,2.69170097,0.658683341,0.488582132,0.402853131,0.752526992
158,1.441748203,1.900246784,0.889125155,luna,0.092677842,0.12517088,0.182001544,0.257366227,0.488015586,0.377895633,0.517920937,1.02614782,2.693799801,3.215072185,2.514943567,2.436365259,0.59815544,0.444814564,0.362313878,0.714126362
159,1.644520879,2.006977207,0.876710672,exmag,0.107935782,0.151979238,0.227389257,0.264091434,0.521050302,0.418438676,0.535568648,1.249049965,2.801761621,3.489238909,2.637148379,2.588777947,0.609625501,0.459601408,0.382087817,0.746005167
160,1.586476636,2.038422297,1.186692357,hildor,0.101021289,0.125098453,0.198474817,0.327563518,0.532358055,0.420256519,0.531657192,1.285132851,3.066821796,3.46865962,2.772708675,2.689478115,0.64360368,0.491927847,0.399141994,0.754395523
161,1.586645419,2.048414811,1.18653414,hildor,0.099020122,0.1278517,0.203165076,0.358189798,0.54124159,0.423365901,0.532400748,1.211068363,3.096259476,3.39398538,2.769585901,2.693083732,0.653959263,0.491537222,0.397015478,0.756872467
162,1.637933935,1.990069031,0.872819308,exmag,0.108269275,0.151606038,0.22914319,0.265545832,0.51934214,0.416019909,0.529451224,1.234570461,2.8100119,3.454036384,2.606985634,2.555408903,0.606970729,0.456796738,0.37547629,0.741317474
163,1.578948215,2.023017789,1.18702492,hildor,0.098168555,0.130434553,0.203391702,0.364313178,0.538058977,0.419656517,0.53437227,1.203842779,3.083626827,3.473171332,2.765739873,2.690124425,0.646300542,0.509051942,0.399697177,0.756030676
164,1.587361251,2.040244568,1.185928101,hildor,0.099255716,0.131369125,0.201750036,0.360508864,0.54106273,0.421359807,0.531665074,1.143431345,3.103976485,3.424488822,2.76804185,2.679718255,0.650903745,0.493816793,0.398245359,0.75743265
165,1.63966433,1.992591168,0.873149919,exmag,0.145773907,0.165958347,0.249064026,0.246722149,0.518327102,0.414878462,0.524366485,1.21890478,2.777205193,3.442960509,2.632641555,2.55967277,0.605100681,0.457531617,0.38488193,0.742253898
166,1.581647137,2.042897058,1.186967709,hildor,0.100955446,0.131243467,0.20124101,0.340521537,0.536229597,0.424041256,0.531868515,1.209628208,3.078900604,3.469589662,2.76821398,2.692607875,0.649079392,0.486986542,0.398655236,0.755183556
167,1.58764939,2.05141848,1.185994975,hildor,0.101475125,0.132493702,0.2001032,0.315589896,0.542048321,0.424065756,0.533244407,1.221330991,3.088185859,3.415880691,2.764764901,2.691139971,0.646616237,0.490994621,0.396385105,0.753169787
168,1.572088201,2.024158341,1.186222118,hildor,0.096157551,0.131393266,0.210807645,0.377117558,0.54134215,0.42427014,0.539828147,1.2792077,3.05479951,3.431292591,2.800365275,2.697088039,0.646221991,0.493011323,0.439084951,0.754597333
169,1.545938798,2.013922797,1.185918353,hildor,0.096824535,0.132863191,0.218033972,0.430595629,0.523874036,0.410223943,0.513820153,1.138772468,2.977389451,3.372073418,2.67644461,2.60467835,0.622183825,0.481612382,0.381907994,0.733748768
170,1.533489525,2.002493141,1.1464082,hildor,0.094744756,0.126399474,0.211577457,0.440971555,0.523878901,0.411394204,0.520563691,1.204416973,3.014019203,3.353306404,2.690401894,2.612493173,0.640571537,0.494091262,0.431024074,0.734680107
171,2.856037637,4.045809698,1.582000136,mudrc,0.070739568,0.116650541,1.622241709,1.475361895,1.0944797,0.885667068,1.103524781,2.352969001,8.044501923,6.210995535,5.593349059,5.275776611,1.143849541,1.160383896,1.17507279,1.260132234
172,2.852492914,4.033056345,1.58062516,mudrc,0.066976734,0.117252375,1.607356594,1.47019058,1.093519481,0.884087501,1.100692938,2.512581968,8.000279367,6.204343973,5.611930782,5.318566796,1.138545985,1.160275687,1.174629156,1.263680502
173,2.853168807,4.23424847,1.583461002,mudrc,0.067714463,0.114030812,1.633159473,1.474865548,1.101637784,0.870313617,1.106423347,3.031859393,7.99581772,6.210103716,5.817351516,6.521975197,1.152158071,1.124830306,1.234537,1.793749604
174,2.884007548,4.32919361,1.582888832,mudrc,0.072954802,0.119634498,1.775107256,1.590895034,1.113699855,0.874097332,1.114416599,3.297504037,8.030362162,6.193937067,5.609614746,5.303498676,1.146447539,1.149397291,1.15691843,1.263232904
175,2.859900155,4.264089509,1.582202878,mudrc,0.072306567,0.116945306,1.591642705,1.466257026,1.100557449,0.870958162,1.155569316,3.91657294,8.035241865,6.195093056,5.65584829,5.269868065,1.299663544,1.182196495,1.176943575,1.260616079
176,2.864728177,4.219329186,1.588817141,mudrc,0.065475115,0.117832637,1.64114218,1.486568116,1.090746193,0.886919021,1.10653095,3.708912856,7.961829692,6.187271149,5.60962066,5.28644076,1.142034202,1.103032205,1.159354125,1.26116546
177,2.854585423,4.342912624,1.582841392,mudrc,0.06607576,0.117265516,1.649342246,1.477667387,1.10235888,0.864475126,1.111106355,2.405676891,8.008215579,6.206268314,5.665454106,5.294614225,1.335762446,1.173963608,1.1570412,1.262364799
178,2.859343851,4.135925301,1.582465017,mudrc,0.073513947,0.1136702,1.639530284,1.469309299,1.097999052,0.885809191,1.104028156,3.451666347,8.018193461,6.198501699,5.602145305,5.317861264,1.145502664,1.168279147,1.170366674,1.261615658
179,2.848265263,4.218017282,1.580967292,mudrc,0.068639078,0.113936275,1.650786177,1.476754981,1.095882132,0.886763871,1.10581628,2.435390316,8.006340457,6.37400812,5.596075363,5.29185437,1.136096549,1.231345988,1.149749693,1.260653907
180,2.876564928,4.160538751,1.582809446,mudrc,0.07047591,0.116653488,1.602767734,1.470203979,1.09949211,0.887378645,1.106691626,2.893578002,8.022632589,6.198181344,5.595594805,5.280293028,1.132950335,1.128615054,1.14698974,1.260568293
181,2.863022227,4.176305953,1.584424727,mudrc,0.069794702,0.116968246,1.752547802,1.479563142,1.098796523,0.887229539,1.106420678,3.628736068,7.96981725,6.19435973,5.619913314,5.309743537,1.130173603,1.158791674,1.149730153,1.261249899
182,3.261949389,4.08324213,1.581123963,mudrc,0.069373047,0.116858443,1.623656334,1.469447407,1.09678252,0.884681818,1.10465793,3.928979574,8.22570049,6.19648455,5.594326018,5.276600197,1.305518329,1.155799254,1.153948505,1.260613594
183,2.8590237,4.181084367,1.583162272,mudrc,0.068782884,0.113888424,1.595340964,1.48620343,1.107209412,0.88801018,1.10891749,2.289611112,7.994236073,6.193220296,5.599327111,5.29085878,1.134043474,1.135715249,1.14302472,1.261264213
184,2.862011998,4.272885433,1.580692482,mudrc,0.066913124,0.11736717,1.614833594,1.466915,1.093869913,0.872765525,1.104147842,3.433588488,7.988371306,6.197738846,5.618708056,5.286595969,1.13452824,1.126301523,1.149370602,1.26159934
185,2.852365194,4.0883277,1.580993887,mudrc,0.067145023,0.115786468,1.630401363,1.46346117,1.103459412,0.884431808,1.102889482,2.411216173,7.981967324,6.190929298,5.587870157,5.30384728,1.129808813,1.160157298,1.18664657,1.260744478
186,2.851236882,4.289699093,1.581834021,mudrc,0.067043918,0.114970831,1.59958551,1.464387006,1.091179706,0.87019894,1.105691857,2.736339161,7.990126723,6.215585225,5.593676143,5.273284263,1.142758939,1.123061879,1.161959064,1.263029278
187,1.454253513,1.714080259,0.753901104,exmag,0.138242887,0.130017753,0.195676788,0.232245876,0.460092389,0.356682577,0.456748641,1.140208886,2.565201262,3.185693241,2.304028652,2.312848687,0.479503461,0.362454919,0.30788572,0.593290691
188,1.567556251,1.701844163,0.723576345,exmag,0.124012954,0.171470464,0.252574881,0.246420498,0.443596293,0.357286154,0.490069776,1.156031102,2.45832868,3.032495359,2.406723078,2.142448729,0.485792666,0.364434241,0.300150226,0.592509092
189,1.441877642,1.705282049,0.880139695,exmag,0.120154797,0.177244475,0.235267839,0.244071867,0.44482865,0.3534508,0.447550844,1.130390211,2.289567783,2.740191815,2.077788021,2.036616606,0.483771527,0.364761227,0.29877626,0.590032937
190,1.327292286,1.643095974,0.706342088,exmag,0.129904053,0.167550227,0.247425968,0.221218719,0.427973536,0.337333743,0.42560982,1.103617348,2.445934643,2.738527794,2.077364557,2.034748659,0.484578227,0.363953303,0.298305896,0.591199597
191,1.340516467,1.648651408,0.741091041,exmag,0.115267766,0.168105728,0.213666841,0.220118383,0.431748888,0.359200903,0.435098793,1.107742055,2.386823703,2.998787123,2.218862576,2.208640813,0.510854854,0.385961441,0.314390368,0.605977063
192,1.305385702,1.576384216,0.860436691,exmag,0.123634258,0.165589223,0.246229054,0.275910923,0.414209038,0.330384407,0.420064667,1.065932881,2.205421554,2.742931172,2.08394642,2.037096594,0.509259122,0.3658381,0.308845451,0.591524696
193,1.428335795,1.579375598,0.924028635,exmag,0.130774717,0.166912208,0.25219909,0.243700667,0.412809721,0.330269164,0.418551571,1.06265599,2.213146931,2.736882417,2.074904117,2.036536341,0.483361528,0.362533391,0.29819681,0.589996489
194,1.325667083,1.598300019,0.708110415,exmag,0.126440653,0.172006658,0.253666354,0.244662591,0.420805146,0.330728845,0.42467656,1.06374764,2.220686053,2.766181812,2.094967307,2.121335148,0.516453616,0.387876267,0.320584098,0.597997512
195,1.529543661,1.578920202,0.697067188,exmag,0.140603468,0.165762648,0.247146772,0.232074269,0.417186768,0.333442348,0.427467916,1.075539314,2.238164793,2.882275662,2.154407829,2.360165232,0.481456681,0.364375748,0.305258447,0.59166186
196,1.372997511,1.977886693,0.698124245,exmag,0.089034747,0.125161519,0.185830493,0.215455059,0.418092703,0.331759524,0.426302475,1.094760233,2.50630807,2.823827649,2.078841191,2.036345702,0.484641552,0.370812464,0.298309117,0.593769262
197,1.303779655,1.583206886,0.696637954,exmag,0.135633232,0.163912935,0.242099553,0.230454472,0.417781979,0.330544016,0.42575895,1.064874066,2.199639038,2.753857079,2.078661094,2.053431561,0.482544135,0.367392471,0.304733693,0.592043987
198,1.387629193,1.717213118,0.743809753,exmag,0.135897028,0.127322375,0.184291872,0.221810903,0.459694488,0.369113544,0.460571674,1.104076505,2.337003258,2.899411549,2.389838506,2.043198213,0.484436727,0.363108791,0.300151563,0.590921306
199,1.324817726,1.64896176,0.7039257,exmag,0.122957331,0.170824202,0.212874565,0.217951764,0.423159772,0.347290182,0.425395225,1.075786489,2.46887065,2.734944355,2.099310732,2.037043869,0.481721452,0.365178529,0.310481227,0.591677249
200,1.374728742,1.603204666,0.70927982,exmag,0.080631592,0.122314005,0.182188974,0.215656697,0.418021082,0.334573628,0.431020334,1.083314935,2.228538348,2.760776914,2.076653965,2.037869171,0.52033979,0.368073506,0.311715878,0.591422151
201,1.320360419,1.715661374,0.704253088,exmag,0.090596137,0.128318737,0.189260808,0.219030721,0.506938885,0.330678977,0.413646555,1.075814669,2.206099546,2.739778609,2.077839872,2.033819704,0.483206438,0.387877847,0.305031106,0.591811164
202,1.310780004,1.609887173,0.701800458,exmag,0.142535447,0.163948046,0.246702655,0.232973574,0.419924131,0.336642978,0.426893004,1.079008086,2.290957438,2.749494438,2.105913735,2.05527668,0.506546829,0.367810121,0.303144725,0.597890146
203,1.305002805,1.574620958,0.695672059,exmag,0.13635281,0.171142277,0.244992615,0.23480706,0.412910198,0.329915341,0.419777465,1.064239081,2.207935389,2.73630625,2.081198688,2.031940003,0.489208594,0.363227936,0.297522917,0.590666894
204,1.303786181,1.583240604,0.699767906,exmag,0.12256612,0.170235634,0.246638756,0.23238347,0.41752209,0.334299092,0.424327103,1.075290763,2.231517253,2.81416766,2.367876418,2.321243392,0.483573636,0.368741332,0.303304717,0.591070384
205,1.308858477,1.664733739,0.695240357,exmag,0.131468812,0.173910229,0.24509419,0.237789256,0.413395199,0.330470429,0.418092859,1.06303608,2.223373244,2.739089153,2.078693847,2.035438583,0.488862791,0.363274858,0.298089413,0.590519941
206,1.305617984,1.57547306,0.6966501,exmag,0.143075136,0.178214375,0.246145948,0.235714175,0.413341743,0.330687755,0.418932837,1.065043777,2.226515693,2.73920046,2.078849755,2.037823636,0.494170513,0.364002121,0.301218263,0.590994923
207,1.306926063,1.591654971,0.697012819,exmag,0.141566483,0.168168221,0.250873971,0.234767218,0.413497888,0.330170846,0.42159207,1.066611536,2.243194493,3.071017128,2.123348412,2.065316628,0.515015113,0.369153025,0.31168433,0.588976877
208,1.327950861,1.668383999,0.703191851,exmag,0.142691104,0.167311245,0.248426498,0.252489552,0.416087982,0.370095763,0.434015137,1.112688987,2.455914754,3.100812788,2.07625971,2.031593384,0.488558885,0.363149347,0.303143678,0.590492106
209,1.315312172,1.642654297,0.701535894,exmag,0.118182103,0.169826853,0.187328449,0.22014134,0.439258289,0.368093393,0.466037524,1.146226498,2.47483393,2.978947333,2.319279269,2.48987047,0.604538361,0.410039245,0.349151035,0.685504615
210,1.375897485,1.668683576,0.732154885,exmag,0.143772755,0.167589518,0.246733973,0.239611804,0.436588201,0.350541166,0.442387601,1.095761231,2.328808565,2.788836054,2.075121967,2.033932597,0.481090233,0.362721379,0.300992093,0.589370991
211,1.57265748,1.90475216,0.837967251,tarkil,0.139256811,0.165573749,0.251455767,0.245727658,0.49809435,0.456657867,0.579572598,1.330478791,2.656981391,3.297585378,2.480044228,2.427587314,0.576913499,0.433274779,0.356434963,0.705933728
212,1.571134997,1.902020308,0.837403728,tarkil,0.146133752,0.171558249,0.248999175,0.246755919,0.497866437,0.398355646,0.506706163,1.292640181,2.563578655,3.094142899,2.514702007,2.381483109,0.527798099,0.450627864,0.368799887,0.73336396
213,1.51945624,1.879781228,0.798573688,tarkil,0.144797248,0.175630902,0.254817027,0.249672351,0.492891088,0.485712342,0.524409305,1.284518716,2.641904239,3.22010567,2.41073457,2.432378787,0.576919056,0.433362341,0.355652804,0.706706493
214,1.55132019,1.956477798,0.788317466,tarkil,0.129665639,0.166884064,0.251352308,0.258152191,0.511546454,0.40895332,0.521034404,1.300565441,2.740065615,3.284295327,2.449513595,2.607097351,0.579683135,0.441402808,0.357485219,0.706429085
215,1.508794737,1.927189906,0.799975728,tarkil,0.145049256,0.14942549,0.211825508,0.234944526,0.588117233,0.39654196,0.500876323,1.264521837,2.615239749,3.273568241,2.48157638,2.391891732,0.556828971,0.418149744,0.343638345,0.678176553
216,1.614357553,1.75652075,0.861771503,tarkil,0.159871297,0.168491756,0.250221392,0.273578211,0.486102519,0.383031259,0.486430053,1.275331028,2.556793353,3.188129063,2.415152385,2.365741857,0.561974887,0.425899281,0.351710874,0.686288948
217,1.518862983,1.909039457,0.809375502,tarkil,0.141756415,0.17306977,0.252185758,0.261315266,0.480015623,0.384236582,0.485737736,1.254165325,2.557444585,3.182223769,2.421957079,2.367458538,0.570044318,0.421521759,0.348789604,0.68670099
218,1.49765903,1.812753033,0.798349204,tarkil,0.147014895,0.170041243,0.254632889,0.24077267,0.474582896,0.379388757,0.482633452,1.239456693,2.544340294,3.147571346,2.38695422,2.341672402,0.555781863,0.420075926,0.347411955,0.678692812
219,1.596959389,1.81840588,1.008329474,ajax,0.074857827,0.097188435,0.190701907,0.217868899,0.514058162,0.394660588,0.761071461,1.030712217,4.691271888,3.446945636,3.48130654,3.427719491,0.609841505,0.532224553,0.516460842,0.703564776
220,1.836282296,3.3972362,0.999024056,ajax,0.082480394,0.091415679,0.182635128,0.213812024,0.856818481,0.702301086,0.957784719,1.413239504,6.783025998,3.964306127,3.509690896,3.35979175,0.629911171,0.535547417,0.520559501,0.709768437
221,1.516300447,1.822847282,0.808520383,tarkil,0.140300751,0.180617616,0.252036114,0.257046262,0.487402719,0.383589084,0.486894697,1.267831666,2.57544249,3.183716261,2.416735977,2.362298497,0.564278959,0.42124901,0.346022184,0.684235038
222,1.519065317,1.863012791,0.808998006,tarkil,0.135381537,0.167399127,0.249337328,0.255982343,0.479450164,0.383212429,0.486603375,1.245679523,2.569736209,3.18140994,2.436074012,2.363868182,0.560483331,0.42213463,0.349260163,0.68659229
223,1.498543576,1.824655076,0.798427181,tarkil,0.126205584,0.166828746,0.217031475,0.234672498,0.474252898,0.37934793,0.482818138,1.206789305,2.536513126,3.146927406,2.388881713,2.337638174,0.551958388,0.41797798,0.347606188,0.678060874
224,1.593400419,1.806568528,1.010288058,ajax,0.074177192,0.095109853,0.182367535,0.211814219,0.518874273,0.398662318,0.76688226,1.045041277,4.626964536,3.4472371,3.482058229,3.333733405,0.62148719,0.532853826,0.510904843,0.703157077
225,1.514458968,1.830113567,0.808072821,tarkil,0.139519627,0.171031694,0.249520719,0.259074337,0.469054469,0.385219375,0.491287464,1.269704574,2.568426558,3.180827986,2.417262617,2.361694128,0.562380308,0.419663939,0.347982602,0.68646463
226,1.749608827,1.815211985,1.00270043,ajax,0.073872219,0.091754217,0.185094974,0.213331365,0.51926846,0.39998169,0.768576694,1.041062161,4.623789169,3.484085983,3.525821095,3.371097059,0.653621521,0.537809012,0.53222243,0.713082992
227,1.515269216,1.835630889,0.810395535,tarkil,0.136971454,0.167051038,0.247858727,0.258727754,0.479717573,0.383559158,0.489527511,1.24711073,2.575657997,3.179326355,2.443243482,2.364477254,0.573425581,0.42805113,0.347728451,0.6884016
228,1.435538081,1.868901419,0.888851845,luna,0.092299625,0.121473237,0.179102521,0.272669742,0.485012219,0.373707143,0.494932194,1.028270859,2.695097541,4.908255256,3.493876745,2.444505768,0.583421687,0.446057736,0.363433341,0.713826323
229,1.498413646,1.815488099,0.798576732,tarkil,0.14059292,0.17087352,0.249635844,0.237416174,0.474338653,0.379337415,0.479353592,1.205265184,2.549128356,3.146725783,2.384718513,2.340779928,0.554813764,0.418097628,0.343692605,0.677780285
230,1.514201486,1.883307829,0.808407952,tarkil,0.149975186,0.167711822,0.246214524,0.256592718,0.473508615,0.391513094,0.501024164,1.220172541,2.577544969,3.192627172,2.411003336,2.365046022,0.560322964,0.424755383,0.345478537,0.686440646
231,1.588281542,1.799696135,0.999663668,ajax,0.079642988,0.09180266,0.183582109,0.211457948,0.519098764,0.400742769,0.770897675,1.050567163,4.613143484,3.475313925,3.480613457,3.333523628,0.639477782,0.535715196,0.516617565,0.703516733
232,1.516093954,1.830344258,0.811838471,tarkil,0.142920154,0.167072499,0.249861487,0.261939608,0.479656454,0.383334709,0.494943603,1.254718795,2.573241574,3.17247505,2.419450885,2.36634777,0.565601993,0.421423895,0.350769041,0.686060984
233,1.437518971,1.875073658,0.890231052,luna,0.09263397,0.126352524,0.180729108,0.283594505,0.486351557,0.374226028,0.501065918,1.033860298,2.709060316,3.2112861,2.517806123,2.439774822,0.598925288,0.448106119,0.36492517,0.71510195
234,1.498244749,1.809004286,0.79872281,tarkil,0.152081328,0.185682794,0.249086943,0.244250712,0.474646936,0.379668078,0.484846959,1.204681254,2.541756913,3.146042102,2.384951533,2.340736378,0.554957901,0.418700648,0.343222965,0.679323638
235,1.842703052,1.812344868,0.997993636,ajax,0.074728899,0.092859312,0.18528035,0.21399497,0.518884139,0.400007587,0.765964333,1.036406171,4.641038658,3.461641149,3.502390582,3.378151912,0.631135225,0.528421824,0.51599654,0.70564765
236,1.437670108,1.872568316,0.890075496,luna,0.092126436,0.123686512,0.180698245,0.273820228,0.486174356,0.374046776,0.494575199,1.033000608,2.712834122,3.21216976,2.512679761,2.437490222,0.578357467,0.458998192,0.361832992,0.711941106
237,1.514931219,1.844572056,0.807514801,tarkil,0.113670103,0.143205851,0.213143934,0.247001452,0.456579773,0.392674868,0.506860751,1.288441985,2.745989427,3.270164242,2.429281452,2.379963327,0.560362868,0.421764428,0.350708252,0.686542335
238,1.554621521,1.8756148,0.865421305,tarkil,0.10418954,0.16184937,0.234863968,0.266575272,0.485928022,0.383471011,0.49084934,1.257243997,2.573941864,3.181608387,2.411681551,2.22328469,0.524884035,0.4050154,0.326036706,0.639442831
239,1.588512447,1.799603078,1.006654396,ajax,0.073757358,0.09321324,0.184633066,0.212719266,0.518608521,0.398398161,0.768701239,1.045067764,4.646232927,3.462524809,3.511922149,3.393504229,0.636486085,0.537535447,0.519349817,0.714340487
240,1.434093304,1.857625272,0.88789392,luna,0.090892832,0.118186206,0.17921266,0.254208274,0.484456843,0.37345744,0.494326126,1.022000846,2.686468247,3.188265329,2.49684499,2.425293807,0.578408287,0.44805386,0.358174668,0.711295132
241,1.48178339,1.908581338,1.110518237,hildor,0.093967023,0.125385743,0.181470993,0.240549508,0.504774652,0.388661203,0.494520279,1.008261136,2.828931701,3.197233537,2.574140043,2.48590333,0.692503948,0.473494587,0.391349217,0.744321366
242,1.432895678,1.862028421,0.887551591,luna,0.111452925,0.123332658,0.180374185,0.23560396,0.484246581,0.371136861,0.497245668,1.018016475,2.676901515,3.186189128,2.501153311,2.424610501,0.600848973,0.448369256,0.357766069,0.712269999
243,1.587907943,1.792859201,1.005058906,ajax,0.073801353,0.091769274,0.185359948,0.214057537,0.516119189,0.396532741,0.763113328,1.034456652,4.595020428,3.50443703,3.519845099,3.376341377,0.619172386,0.529623419,0.519730353,0.707131271
244,1.497990041,1.811083759,0.798454474,tarkil,0.150705837,0.171782327,0.252822673,0.244695789,0.474333982,0.379302385,0.482042094,1.248233827,2.555724307,3.147058046,2.385775084,2.337635324,0.555165155,0.437099123,0.341338773,0.678772448
245,1.416906713,1.729523319,0.754637953,tarkil,0.140383663,0.170539205,0.25197763,0.260067441,0.447866327,0.357674061,0.460838322,1.219846192,2.408447988,3.117094039,3.074908461,2.447683874,0.540902731,0.41136946,0.335363898,0.656791119
246,1.432527476,1.870200828,0.887658481,luna,0.09043509,0.121090312,0.178941271,0.237020148,0.484258498,0.372527011,0.491251581,1.01366796,2.702785824,3.184110973,2.525682551,2.436775683,0.590216245,0.44595664,0.363110966,0.717395515
247,1.482684157,1.869124529,1.110468559,hildor,0.094200894,0.123103701,0.18152389,0.241163349,0.506365576,0.389703181,0.492090215,1.007944688,2.845836554,3.196783572,2.567042814,2.488452796,0.600047747,0.450660283,0.365185984,0.700667905
248,1.590354453,1.803684977,1.010173254,ajax,0.073800296,0.099937568,0.183300198,0.211585014,0.51869145,0.398788513,0.769726272,1.043676557,4.628132312,3.449075641,3.522205789,3.37539853,0.617334363,0.534844701,0.542095645,0.713329126
249,1.438681527,1.86117197,0.887485752,luna,0.088020052,0.122285657,0.178176021,0.225590097,0.501457536,0.523012919,0.497032372,1.015109517,2.72448899,3.287206437,2.534042317,2.445563382,0.577050665,0.446135363,0.367803821,0.715854518
250,1.587331636,1.809911978,1.002836227,ajax,0.073587422,0.09177801,0.184538948,0.214503837,0.515039928,0.397120665,0.766389632,1.033732965,4.576447972,3.455611671,3.506395703,4.708228997,0.615605648,0.537070738,0.518895081,0.707826308
251,1.567546956,1.709374286,0.762060183,tarkil,0.142615087,0.174088306,0.25175866,0.269463444,0.448737135,0.35904048,0.453945276,1.215243302,2.536770138,3.136037266,2.25902713,2.215369199,0.541475222,0.396551372,0.32610739,0.640298612
252,1.44120746,1.878771456,0.898918045,luna,0.092716541,0.122304027,0.182600534,0.344626213,0.484386304,0.372508036,0.495212897,1.036204413,2.714056327,3.188195727,2.49483034,2.423300073,0.583769735,0.447306026,0.357959451,0.713446726
253,1.441203775,1.876438143,0.891109601,luna,0.091376836,0.124557775,0.179585515,0.227921463,0.484446579,0.371621597,0.492916444,1.024555203,2.68416033,3.182976047,2.495865646,2.425004636,0.578534491,0.459700466,0.360594191,0.711655161
254,1.482191333,1.869339674,1.110746834,hildor,0.096041342,0.123390563,0.180844034,0.240171382,0.504995377,0.38852033,0.493164836,1.007899662,2.851106016,3.197435897,2.575193881,2.488755615,0.59045763,0.454374643,0.436249867,0.702105094
255,1.747081304,1.832083811,1.010910537,ajax,0.073646934,0.092673949,0.184217812,0.212161935,0.518436221,0.398566701,0.767226389,1.065433303,4.657422273,3.486143021,3.519788007,3.369017007,0.637804242,0.534873085,0.519891766,0.709521344
256,1.584977106,1.787974433,1.002880788,ajax,0.075617116,0.094269253,0.187453866,0.215947928,0.516688049,0.397973806,0.764814304,1.03459237,4.588615892,3.462326792,3.521538278,3.370217903,0.618294592,0.529169892,0.536121629,0.710356935
257,1.414050888,1.708976056,0.754455824,tarkil,0.120332152,0.171389378,0.253198944,0.252381491,0.44817338,0.358157684,0.457425535,1.215043112,2.403867443,2.967608209,2.251579581,2.205475054,0.522785607,0.39712831,0.320824283,0.641974462
258,1.435450932,1.858605557,0.89077487,luna,0.098610007,0.125441211,0.182270622,0.2423859,0.48492242,0.371640762,0.492380101,1.017499117,2.698114823,3.18708998,2.50584516,2.43300338,0.581685922,0.446337478,0.363372143,0.713370401
259,1.433395031,1.878985825,0.887909982,luna,0.091821909,0.119053649,0.180736921,0.231614115,0.484518375,0.371567164,0.496799668,1.012051294,2.696048363,3.402617914,2.512741193,2.439739024,0.580695856,0.447673079,0.362877595,0.714570389
260,1.48253362,1.907214512,1.110542215,hildor,0.092402925,0.123783073,0.183149577,0.241008247,0.504894862,0.388557001,0.495640473,1.006839938,2.833880481,3.198047593,2.563682627,2.4907439,0.595973503,0.524666061,0.366888441,0.701693617
261,1.59609361,1.824405331,0.998828849,ajax,0.075894739,0.09154397,0.182661546,0.211493359,0.520377252,0.39735074,0.767168824,1.060094548,4.610809784,3.478871753,3.500375018,3.351585172,0.652067198,0.530365812,0.522497688,0.707643963
262,1.594473177,1.820366127,1.010831109,ajax,0.075030863,0.093268062,0.188297161,0.215981176,0.520468631,0.39898474,0.766557529,1.035942027,4.577806084,3.484266898,3.490545124,3.334794546,0.647509504,0.532575811,0.518878081,0.706119612
263,1.437361784,1.859521247,0.892047314,luna,0.09243917,0.124643248,0.179396332,0.261235251,0.485376957,0.372528325,0.493959264,1.028157121,2.690939506,3.186022697,2.497266942,2.428395208,0.580395825,0.444955136,0.360783512,0.710562738
264,1.435748878,1.870340851,0.888941967,luna,0.092177863,0.124474983,0.181089838,0.247053735,0.485265792,0.372385476,0.496471577,1.031798609,2.706441281,3.210909272,2.508645159,2.433667401,0.606640196,0.448684039,0.359431752,0.713284943
265,1.482116708,1.869872076,1.111389075,hildor,0.093382327,0.122088077,0.181656673,0.241337995,0.504673244,0.388443536,0.49192399,1.016985458,2.839435875,3.198202259,2.565317111,2.48837519,0.600952679,0.449471504,0.362079214,0.699334164
266,1.583925741,1.802551638,1.003681462,ajax,0.072951568,0.091578953,0.183908485,0.211890275,0.519503652,0.398266553,0.766906491,1.058543547,4.605139503,3.485123199,3.520182093,3.37179638,0.617800233,0.533647642,0.52234947,0.709174985
267,1.587519174,1.811988752,1.006725746,ajax,0.073305142,0.093499132,0.188092575,0.214948861,0.518163721,0.397524573,0.766425127,1.036016665,4.591880461,3.471094684,3.514205295,3.367154869,0.615343576,0.533963322,0.516365111,0.710429141
268,1.433387709,1.860084129,0.887825153,luna,0.091912441,0.119655297,0.182749415,0.255329949,0.484430766,0.372495018,0.497170284,1.056152116,2.708819668,3.213171385,2.513429614,2.441057904,0.591775963,0.445582916,0.364921278,0.712774386
269,1.48182119,1.868728283,1.110837578,hildor,0.095125591,0.121349623,0.182147526,0.240366159,0.504761729,0.388507063,0.493257844,1.017497858,2.835557964,3.195080468,2.573471809,2.487052118,0.603559767,0.446137267,0.42884681,0.701021089
270,1.434415633,1.860564302,0.888398772,luna,0.095052287,0.120735231,0.179279849,0.237598396,0.484788092,0.371717279,0.492563175,1.01787858,2.688921796,3.198957137,2.504460592,2.430691371,0.590002912,0.443063646,0.365435982,0.712495006
271,1.481909412,1.874118348,1.110565222,hildor,0.093251755,0.125548067,0.181757109,0.240617313,0.504477968,0.388384964,0.49279901,1.006690331,2.843210627,3.234703215,2.562926486,2.488409862,0.600490238,0.449054866,0.368986692,0.702264191
272,1.533854014,1.86471864,1.146171233,hildor,0.095871335,0.125797521,0.18003091,0.248065714,0.502989936,0.387471322,0.497678067,1.002533626,2.958636026,3.191847994,2.566857582,2.486142488,0.600367791,0.455743421,0.363173631,0.700340292
273,1.588926764,2.107639655,1.194359597,hildor,0.097238517,0.128846933,0.241379572,0.490810349,0.542879019,0.429526261,0.539381795,1.307666855,3.104171736,3.498695797,2.778329885,2.71381879,0.653101817,0.495464104,0.400746205,0.759380758
274,1.543745801,1.983888147,1.154284859,hildor,0.096433953,0.126781587,0.210862377,0.328734768,0.52626859,0.408665807,0.51803849,1.132874547,2.991254203,3.387076161,2.755335951,2.684289022,0.626606188,0.477991658,0.387470904,0.732588642
275,1.449178628,1.935764244,0.894834865,luna,0.092532538,0.120319565,0.268973619,0.630939659,0.489360603,0.383849972,0.506730721,1.095864854,2.76969313,3.274829799,2.548775197,2.483057774,0.590658998,0.453398569,0.37162468,0.724544603
276,1.589714223,2.105886938,1.185896096,hildor,0.097489702,0.130364552,0.217439299,0.461606735,0.541950666,0.425800182,0.533488826,1.190418139,3.134804804,3.493761319,2.809742719,2.704453383,0.650161594,0.490867885,0.401610994,0.764142545
277,1.545053189,1.989811859,1.153384329,hildor,0.103077957,0.131612244,0.197808215,0.299830415,0.526452392,0.41137023,0.519796859,1.130850766,3.005114173,3.381447348,2.744964374,2.677590658,0.646573637,0.484413937,0.45343223,0.754180435
278,1.442918088,1.917879466,0.892353378,luna,0.091931318,0.121813,0.189864406,0.378381175,0.489048831,0.384156595,0.496202971,1.093488709,2.755215471,3.259556088,2.538907539,2.479475033,0.588338418,0.450825818,0.367064208,0.719122001
279,1.563034399,2.039337119,1.179846148,hildor,0.103527732,0.132082238,0.199614617,0.341828468,0.542622566,0.423199713,0.531211777,1.157496596,3.079020779,3.461934534,2.764471786,2.74520724,0.635544566,0.482757357,0.386247454,0.734517927
280,1.587311218,2.042771237,1.186494179,hildor,0.099342325,0.131960788,0.203593886,0.3217985,0.542815115,0.420119807,0.530261166,1.118575808,3.030970861,3.360698046,2.697387713,2.60903841,0.624133211,0.473289143,0.384273984,0.739765441
281,1.444098146,1.925442405,0.892137508,luna,0.092369295,0.124032721,0.200909701,0.432970212,0.488334126,0.378558708,0.503505626,1.068130342,2.760084831,3.262854796,2.533085891,2.457049465,0.740753002,0.454546856,0.366744865,0.718658407
282,1.54675836,1.963072461,1.160166848,hildor,0.098302321,0.125398147,0.198312812,0.352458647,0.526304512,0.406724675,0.515914216,1.074918311,2.976948449,3.365077798,2.686668824,2.606174743,0.640402358,0.484429597,0.385449707,0.73066744
283,1.541824524,1.982835459,1.154282537,hildor,0.099329984,0.126941208,0.193068914,0.338645883,0.532025008,0.407806391,0.516468624,1.092351232,2.981260025,3.376093601,2.690913303,2.625070566,0.628219119,0.471346467,0.385787112,0.735751657
284,1.442605676,1.904446885,0.892226388,luna,0.091935123,0.123589473,0.196967206,0.4231409,0.488306888,0.377357496,0.50488405,1.071396752,2.737905376,3.256958954,2.534603945,2.460588359,0.584226752,0.448174458,0.367688072,0.719269525
285,1.870665974,1.968343786,1.158712667,hildor,0.096962313,0.126627761,0.193495744,0.346069521,0.525900146,0.407697871,0.516820289,1.071449103,2.983675954,3.353813054,2.683432947,2.610242914,0.631770873,0.476883051,0.38632073,0.731533822
286,1.542266254,1.967402698,1.1535179,hildor,0.099273029,0.126111051,0.195160044,0.344870009,0.525482519,0.407657721,0.517075592,1.079989781,2.977320996,3.356618126,2.696295602,2.603185754,0.648181532,0.47594037,0.382960119,0.735032758
287,1.443857198,1.910458162,0.891971152,luna,0.095757625,0.123182191,0.193194954,0.383038005,0.488198789,0.378228361,0.498144312,1.083535678,2.745311897,3.283378341,2.536058413,2.463082069,0.598098071,0.450395417,0.365657727,0.720504872
288,1.587136018,2.004449466,1.159393606,hildor,0.100322185,0.125978092,0.194735303,0.34278699,0.525977685,0.407747908,0.516950351,1.089584087,2.959364775,3.340462957,2.66932875,2.592575917,0.632259577,0.471094352,0.383761844,0.730843293
289,1.442274917,1.897388378,0.892265027,luna,0.095425418,0.119679371,0.197732844,0.388994036,0.488037498,0.376945398,0.498404143,1.055069532,2.744191121,3.243546229,2.53334102,2.460193101,0.586732656,0.450256208,0.368290041,0.719363357
290,1.544603172,1.995297453,1.152015007,hildor,0.099785644,0.124890344,0.192474228,0.331934348,0.526936679,0.407005865,0.515619232,1.068691249,3.092361228,3.418878919,2.690809421,2.763753465,0.635739808,0.476385022,0.387270705,0.736417201
291,1.552061955,1.972841431,1.160138619,hildor,0.095747892,0.123997086,0.200260256,0.330972058,0.525681042,0.408058117,0.520405452,1.114436664,2.987675087,3.352711342,2.686687067,2.601910086,0.623181448,0.472867373,0.382938989,0.738490983
292,1.443614598,1.909678838,0.892423225,luna,0.092651904,0.120909427,0.227466165,0.444450687,0.488435623,0.379388582,0.497304991,1.068370001,2.763827258,3.259627532,2.538452939,2.461445853,0.596571456,0.44922818,0.366393393,0.718761751
293,1.541684526,1.965094424,1.153413316,hildor,0.095718726,0.12347291,0.19822431,0.326004428,0.525513122,0.407765922,0.515655795,1.076891124,2.985685281,3.367570114,2.702369207,2.69223004,0.640324044,0.483629917,0.396081884,0.755942757
294,1.446770033,1.909333763,0.895897148,luna,0.092092848,0.125955984,0.195782684,0.359550664,0.488657286,0.377310998,0.502496807,1.088966447,2.758073361,3.258321861,2.537470681,2.466500724,0.597867288,0.458910469,0.369100543,0.720757551
295,1.562843928,2.034678869,1.1775097,hildor,0.10120722,0.126056045,0.200732018,0.29265091,0.544276544,0.422850021,0.532727822,1.2056682,3.046800072,3.464889856,2.763016398,2.680424658,0.654320067,0.492580215,0.398950761,0.75593389
296,1.586650991,2.041100662,1.187191516,hildor,0.102014635,0.130337418,0.199145235,0.342636475,0.541401063,0.420365788,0.529425186,1.11911456,3.094597674,3.472727212,2.725399219,2.630670617,0.631079079,0.493180893,0.392953645,0.749894388
297,2.85640939,4.088623553,1.583744611,mudrc,0.068325053,0.116952592,1.620551005,1.479683389,1.096880879,0.885633349,1.10539721,2.39720611,7.99073428,6.184850286,5.600633058,5.296966179,1.153872633,1.144787331,1.191574367,1.260909799
298,2.855010567,4.390226806,1.5808099,mudrc,0.068132334,0.116183986,1.65117772,1.466205684,1.101659131,0.865711571,1.10958664,3.989450888,8.003257458,6.206654955,5.593099917,5.284448228,1.155337028,1.157973401,1.152897908,1.265315657
299,2.850283046,4.334858964,1.581410555,mudrc,0.071132874,0.115478832,1.619355065,1.478669368,1.101040511,0.864770503,1.108305056,2.706657455,8.000114638,6.185079137,5.599333154,5.278092188,1.139287309,1.16514114,1.162888562,1.260797056
300,2.85121144,4.028772127,1.581474406,mudrc,0.070499141,0.117191158,1.62699656,1.469076081,1.100798577,0.883035504,1.101024313,2.417158784,7.990711247,6.19162171,5.595315023,5.291324322,1.146826863,1.170828823,1.181118751,1.260463652
301,2.862314278,4.235765817,1.584263961,mudrc,0.065865065,0.116577575,1.660765679,1.488541672,1.105297702,0.890909937,1.107435677,3.394144767,8.02373738,6.194599046,5.600784588,5.282923119,1.139762857,1.129448236,1.14688909,1.264263506
302,2.853564152,4.158900225,1.581303761,mudrc,0.066133059,0.116731651,1.630790943,1.478798417,1.103414129,0.88717796,1.106324318,2.332739079,7.959084498,6.209157424,5.618420751,5.328961025,1.129884946,1.1400092,1.137303156,1.26012852
303,2.851532875,4.31304924,1.581549495,mudrc,0.066935651,0.116826612,1.618755556,1.486592289,1.102446595,0.870393953,1.106535121,2.815165143,7.961527095,6.240356829,5.73108313,5.316194126,1.132101465,1.134386318,1.170959809,1.332642086
304,2.860189863,4.395646184,1.581094117,mudrc,0.072030028,0.116881198,1.61002435,1.481368963,1.10011027,0.865621264,1.110845922,3.100626454,8.00075165,6.192290457,5.593188546,5.27148772,1.152161938,1.165961515,1.149185651,1.261256011
305,2.902097408,4.08709996,1.583616315,mudrc,0.066019904,0.117064691,1.665298775,1.478901085,1.152656541,1.465749738,1.410778661,3.919082376,9.356871404,6.203390846,5.639319529,5.293305914,1.135642851,1.142014041,1.164096642,1.262341028
306,2.886213963,4.259127375,1.628705238,mudrc,0.075591213,0.114290176,1.773019523,1.61241348,1.101652858,0.880509848,1.109923158,4.286408067,9.886739342,7.880763374,5.613066019,5.296055658,1.13125622,1.135039721,1.144510847,1.260844195
307,3.474123323,4.832441846,1.581912018,mudrc,0.097191732,0.113442833,1.659462397,1.482586794,1.102096585,0.884640443,1.106142156,2.953853955,8.009844272,6.201368972,5.600934762,5.271284388,1.137132343,1.157327767,1.16108709,1.260955727
308,2.854643744,4.053510652,1.584032759,mudrc,0.069097867,0.116830492,1.648884672,1.485245582,1.105747956,0.884657243,1.105796261,2.812342528,8.003092011,6.204016841,5.616248346,5.294497641,1.142627433,1.177670256,1.160535792,1.261580731
309,2.878727841,4.403229462,1.584180453,mudrc,0.07070959,0.116452725,1.632803966,1.475979683,1.105457547,0.865585631,1.108352338,2.88677651,8.235718571,6.202539514,5.589303121,5.292593993,1.319614709,1.161685439,1.152978028,1.2608722
310,2.921049867,4.289247608,1.584130498,mudrc,0.069570102,0.115251261,1.720897267,1.622259233,1.100615225,0.949890467,1.154593625,3.02216875,8.022860246,6.248414446,5.686042804,5.429326158,1.144532681,1.129867652,1.163327956,1.267374063
311,2.903517234,4.080905759,1.580569132,mudrc,0.066174815,0.116942084,1.638967854,1.484607995,1.104302272,0.88707927,1.103750317,3.406266913,8.253631457,6.206244169,5.60364586,5.275556977,1.302302693,1.149447112,1.163666901,1.26074956
312,2.852631452,4.06677807,1.581215922,mudrc,0.067626865,0.116887146,1.612446203,1.479957224,1.103739399,0.885178175,1.101394844,3.381901809,7.98970744,6.186213295,5.601756263,5.30837112,1.148844035,1.162815021,1.157221597,1.260135843
313,2.871794142,4.262006394,1.580918371,mudrc,0.067900147,0.116044316,1.654854543,1.489739311,1.120281019,0.870221701,1.106392744,2.753476667,8.205255898,6.232656559,5.615185941,5.287988238,1.299180969,1.147201867,1.15820699,1.263556092
314,2.850451576,4.046042101,1.58055012,mudrc,0.06791651,0.12042813,1.62615694,1.478617867,1.102032933,0.886311221,1.10170413,3.195101974,8.032478287,6.184221413,5.592426004,5.293537139,1.130453958,1.18749785,1.165389251,1.260926764
315,2.85199657,4.23365986,1.581130521,mudrc,0.070049498,0.117207552,1.651132919,1.46381715,1.107455455,0.870561871,1.105011606,2.595544659,7.991481781,6.195642738,5.63981566,5.309257655,1.13791719,1.12920867,1.147895305,1.261073244
316,2.877773902,4.344214614,1.582640946,mudrc,0.070110924,0.11693667,1.657704697,1.49076362,1.094271948,0.865122802,1.108949526,3.133603976,8.219519099,6.197692875,5.592098032,5.278532302,1.322616686,1.164183453,1.151483769,1.260317244
317,2.876877664,4.080156269,1.580894199,mudrc,0.067191459,0.116823066,1.635604683,1.481156242,1.098486263,0.884079332,1.101217565,2.40954572,8.216625413,6.194215318,5.590101081,5.2833886,1.294252961,1.155260588,1.167312891,1.260697855
318,2.853686424,4.234581356,1.580705759,mudrc,0.070608756,0.117151765,1.649016563,1.467012952,1.103102346,0.886642542,1.10540382,3.469020038,8.022636056,6.20767485,5.596123816,5.282304136,1.11651445,1.155325218,1.14669723,1.261941569
319,2.852439458,4.341688112,1.58424644,mudrc,0.065636994,0.117156833,1.641433274,1.481666757,1.101919741,0.864881935,1.110000902,2.423919124,8.269295092,6.201423724,5.611649005,5.299231245,1.161595583,1.164197412,1.157675273,1.260393663
320,2.887719361,4.401913824,1.584302174,mudrc,0.065448803,0.117931368,1.603762788,1.478635796,1.096406921,0.91942677,1.10918995,3.161781046,8.296290228,6.412058244,5.610669412,5.3594628,1.318498556,1.165204292,1.165696928,1.260692837